{"train/box_loss": 0.0616600476205349, "train/obj_loss": 0.05588970333337784, "train/cls_loss": 0.007300256285816431, "metrics/precision": 0.16377478475006016, "metrics/recall": 0.4407570237835623, "metrics/mAP_0.5": 0.23762400794547914, "metrics/mAP_0.5:0.95": 0.14958232854517978, "val/box_loss": 0.05865636467933655, "val/obj_loss": 0.06263373047113419, "val/cls_loss": 0.008708883076906204, "x/lr0": 0.014698139391839504, "x/lr1": 0.0049518335238774944, "x/lr2": 0.0049518335238774944, "_timestamp": 1697881171.3605866, "_runtime": 635.3567116260529, "_step": 8, "_wandb": {"runtime": 681}}