{"train/box_loss": 0.06420020014047623, "train/obj_loss": 0.04582919552922249, "train/cls_loss": 0.007509834133088589, "metrics/precision": 0.9666693961955293, "metrics/recall": 0.20135667903525045, "metrics/mAP_0.5": 0.22477276133132812, "metrics/mAP_0.5:0.95": 0.10781280737611033, "val/box_loss": 0.07325099408626556, "val/obj_loss": 0.05211460217833519, "val/cls_loss": 0.008581496775150299, "x/lr0": 0.01614558883011341, "x/lr1": 0.0049518335238774944, "x/lr2": 0.0049518335238774944, "_timestamp": 1697856440.7882652, "_runtime": 595.7390372753143, "_step": 8, "_wandb": {"runtime": 643}}