{"train/box_loss": 0.06714215129613876, "train/obj_loss": 0.04617781564593315, "train/cls_loss": 0.0075114392675459385, "metrics/precision": 0.9632493717135189, "metrics/recall": 0.20431354359925788, "metrics/mAP_0.5": 0.2247072928376286, "metrics/mAP_0.5:0.95": 0.13128151324041265, "val/box_loss": 0.06834126263856888, "val/obj_loss": 0.05157328024506569, "val/cls_loss": 0.008750294335186481, "x/lr0": 0.015909641981124878, "x/lr1": 0.0049518335238774944, "x/lr2": 0.0049518335238774944, "_timestamp": 1697790730.5015903, "_runtime": 595.118839263916, "_step": 8, "_wandb": {"runtime": 643}}