{"train/box_loss": 0.06761972606182098, "train/obj_loss": 0.04703731834888458, "train/cls_loss": 0.0075142597779631615, "metrics/precision": 0.9653274963345873, "metrics/recall": 0.20343421459492889, "metrics/mAP_0.5": 0.22683609863586973, "metrics/mAP_0.5:0.95": 0.13665340535735856, "val/box_loss": 0.06491842865943909, "val/obj_loss": 0.05316430702805519, "val/cls_loss": 0.008771335706114769, "x/lr0": 0.016350407153367996, "x/lr1": 0.0049518335238774944, "x/lr2": 0.0049518335238774944, "_timestamp": 1697797332.1995258, "_runtime": 599.2279739379883, "_step": 8, "_wandb": {"runtime": 647}}