{"train/box_loss": 0.06787075847387314, "train/obj_loss": 0.0473405197262764, "train/cls_loss": 0.007399244699627161, "metrics/precision": 0.9716739834480659, "metrics/recall": 0.19827680765180766, "metrics/mAP_0.5": 0.22339853213290495, "metrics/mAP_0.5:0.95": 0.1382172225331349, "val/box_loss": 0.06691703200340271, "val/obj_loss": 0.052989862859249115, "val/cls_loss": 0.008448431268334389, "x/lr0": 0.014726554043591022, "x/lr1": 0.0049518335238774944, "x/lr2": 0.0049518335238774944, "_timestamp": 1697799363.2227838, "_runtime": 598.2008848190308, "_step": 8, "_wandb": {"runtime": 644}}