{"train/box_loss": 0.06898624449968338, "train/obj_loss": 0.046859968453645706, "train/cls_loss": 0.007509891409426928, "metrics/precision": 0.9643324077497745, "metrics/recall": 0.20102548822786917, "metrics/mAP_0.5": 0.2260289870777956, "metrics/mAP_0.5:0.95": 0.12402144089255851, "val/box_loss": 0.07100136578083038, "val/obj_loss": 0.052325859665870667, "val/cls_loss": 0.008682326413691044, "x/lr0": 0.01745968870818615, "x/lr1": 0.0049518335238774944, "x/lr2": 0.0049518335238774944, "_timestamp": 1697800132.6557493, "_runtime": 583.3336284160614, "_step": 8, "_wandb": {"runtime": 632}}